{
  "name": "boolspark",
  "private": true,
  "version": "1.0.0",
  "type": "module",
  "scripts": {
    "dev": "vite",
    "build": "vite build",
    "preview": "vite preview"
  },
  "dependencies": {
    "react": "^18.2.0",
    "react-dom": "^18.2.0",
    "pdfjs-dist": "^3.11.174",
    "docx": "^8.5.0",
    "lucide-react": "^0.363.0"
  },
  "devDependencies": {
    "@types/react": "^18.2.66",
    "@types/react-dom": "^18.2.22",
    "@vitejs/plugin-react": "^4.2.1",
    "autoprefixer": "^10.4.19",
    "postcss": "^8.4.38",
    "tailwindcss": "^3.4.3",
    "vite": "^5.2.0"
  }
}